source_id,publisher_and_title,verified_public_url,date_verified,limitations
"S1","International Energy Agency (IEA). *Global Energy Review 2026, Key Findings*. Published April 2026. Global 2025 energy and power estimates.","https://www.iea.org/reports/global-energy-review-2026/key-findings","2026-09-27","Check periods, definitions and confidence against the linked primary source"
"S2","IEA. *World Energy Investment 2026, Regional Dashboards*. Published May 2026. Global 2026 investment forecasts and regional comparison.","https://www.iea.org/reports/world-energy-investment-2026/regional-dashboards","2026-09-27","Check periods, definitions and confidence against the linked primary source"
"S3","IEA. *Global Critical Minerals Outlook 2026, Executive Summary*. Published July 2026. Mineral refining concentration, investment and supply-chain analysis.","https://www.iea.org/reports/global-critical-minerals-outlook-2026/executive-summary","2026-09-27","Check periods, definitions and confidence against the linked primary source"
"S4","U.S. Energy Information Administration (EIA). *Short-Term Energy Outlook, Energy Security: Transit Chokepoints*. Updated 2026. Table 4, Q4 2025 and Q2 2026 oil and LNG shipping averages.","https://www.eia.gov/outlooks/steo/report/energysecurity/article.php","2026-09-27","Check periods, definitions and confidence against the linked primary source"
"S5","IEA. *IEA Member Countries to Carry Out Largest Ever Oil Stock Release*. Published 11 March 2026. Announcement of 400 million barrels from emergency reserves.","https://www.iea.org/news/iea-member-countries-to-carry-out-largest-ever-oil-stock-release-amid-market-disruptions-from-middle-east-conflict","2026-09-27","Check periods, definitions and confidence against the linked primary source"
"S6","IEA. *Global Energy Review 2026, Technology: Battery Storage*. Published April 2026. Annual 2025 capacity additions and technology mix.","https://www.iea.org/reports/global-energy-review-2026/technology-battery-storage","2026-09-27","Check periods, definitions and confidence against the linked primary source"
"S7","International Renewable Energy Agency (IRENA). *Renewable Power Generation Costs in 2025*. Published July 2026. Global weighted-average new-build LCOE and project comparisons.","https://www.irena.org/Publications/2026/Jul/Renewable-Power-Generation-Costs-in-2025","2026-09-27","Check periods, definitions and confidence against the linked primary source"
"S8","IEA. *Global EV Outlook 2026, Executive Summary*. Published May 2026. Global sales and early-2026 market observations.","https://www.iea.org/reports/global-ev-outlook-2026/executive-summary","2026-09-27","Check periods, definitions and confidence against the linked primary source"
"S9","IEA. *Global EV Outlook 2026, Trends in Electric Cars*. Published May 2026. 2025 EV stock and estimated oil displacement.","https://www.iea.org/reports/global-ev-outlook-2026/trends-in-electric-cars","2026-09-27","Check periods, definitions and confidence against the linked primary source"
"S10","IEA. *Electricity 2026, Grids*. Published February 2026. Connection queues and possible hosting-capacity improvements.","https://www.iea.org/reports/electricity-2026/grids","2026-09-27","Check periods, definitions and confidence against the linked primary source"
"S11","IEA. *State of Energy Policy 2026, Executive Summary*. Published 2026. Emergency-energy policies and 2026 policy inventory.","https://www.iea.org/reports/state-of-energy-policy-2026/executive-summary","2026-09-27","Check periods, definitions and confidence against the linked primary source"
"S12","European Commission, Directorate-General for Energy. *REPowerEU: Four Years On*. Published April 2026. 2021-2025 fossil import exposure, gas phase-out and energy security context.","https://energy.ec.europa.eu/strategy/repowereu-phase-out-russian-energy-imports/repowereu-4-years_en","2026-09-27","Check periods, definitions and confidence against the linked primary source"
"S13","IEA. *Renewables 2025, Executive Summary*. Published 7 October 2025. Forecast changes for 2025-2030 by technology and region.","https://www.iea.org/reports/renewables-2025/executive-summary","2026-09-27","Check periods, definitions and confidence against the linked primary source"
"S14","IEA. *Global Hydrogen Review 2026, Executive Summary*. Published June 2026. Historical 2025 hydrogen demand and low-emissions production; 2030 project pipeline.","https://www.iea.org/reports/global-hydrogen-review-2026/executive-summary","2026-09-27","Check periods, definitions and confidence against the linked primary source"
"S15","IEA. *World Energy Investment 2026, Sector Highlights*. Published May 2026. Clean and conventional investment categories.","https://www.iea.org/reports/world-energy-investment-2026/sector-highlights","2026-09-27","Check periods, definitions and confidence against the linked primary source"
"S16","IEA. *Global Critical Minerals Outlook 2026, Outlook*. Published July 2026. Conditional mineral supply-demand projections to 2035 and 2040.","https://www.iea.org/reports/global-critical-minerals-outlook-2026/outlook","2026-09-27","Check periods, definitions and confidence against the linked primary source"
"S17","IEA. *Electricity 2026, Flexibility*. Published February 2026. Short-duration storage, demand response and system flexibility.","https://www.iea.org/reports/electricity-2026/flexibility","2026-09-27","Check periods, definitions and confidence against the linked primary source"
"S18","IEA. *Global Energy Review 2026, Global Trends*. Published April 2026. Solar generation growth, China and energy-demand accounting.","https://www.iea.org/reports/global-energy-review-2026/global-trends","2026-09-27","Check periods, definitions and confidence against the linked primary source"
"S19","EIA. *Amid Regional Conflict, the Strait of Hormuz Remains Critical Oil Chokepoint*. Published 16 June 2025. Historical 2024-2025 benchmark shipping exposure.","https://www.eia.gov/todayinenergy/detail.php?embed=true&id=65504","2026-09-27","Check periods, definitions and confidence against the linked primary source"
"S20","IEA. *Global Hydrogen Review 2026, Production*. Published June 2026. Electrolyser capacity, financing and production outlook.","https://www.iea.org/reports/global-hydrogen-review-2026/production","2026-09-27","Check periods, definitions and confidence against the linked primary source"
"S21","IEA. *Renewables 2025, Renewable Electricity*. Published October 2025. Full technology and regional capacity projections and revision details.","https://www.iea.org/reports/renewables-2025/renewable-electricity","2026-09-27","Check periods, definitions and confidence against the linked primary source"
"S22","IEA. *Oil Market Report, September 2026: Highlights*. Published 11 September 2026. August global production observations and 2026-2027 oil demand and supply forecasts.","https://www.iea.org/reports/oil-market-report-september-2026","2026-09-27","Check periods, definitions and confidence against the linked primary source"
"S23","IEA. *Oil Markets Strain to Plug the Gap Left by Middle East Supply Shortfall*. Commentary published 18 September 2026. Updated explanation of September price pressure and 2026 market adjustments.","https://www.iea.org/commentaries/oil-markets-strain-to-plug-the-gap-left-by-middle-east-supply-shortfall","2026-09-27","Check periods, definitions and confidence against the linked primary source"
"S24","IEA. *Electricity 2026, Executive Summary*. Published February 2026. Worldwide combined grid connection queue and investment context.","https://www.iea.org/reports/electricity-2026/executive-summary","2026-09-27","Check periods, definitions and confidence against the linked primary source"
