project,sector,status_as_of_2026_09_28,status_detail,source_id
New Demerara River Bridge,Transport,Operational,Commissioned 5 October 2025,S7
Ogle-Eccles Highway,Transport,Operational,Commissioned in 2025,S1
Railway Embankment four-lane highway,Transport,Under construction,Works ongoing toward Mahaica with next phase expected to advance,S2
Ogle-Eccles extension to Providence,Transport,Under construction,Works progressed in H1 2026,S2
Good Success-Timehri road,Transport,Under construction,Upgrade works advanced in H1 2026,S2
Soesdyke-Linden Highway,Transport,Under construction,Rehabilitation ongoing with completion scheduled in H2 2026,S2
Linden-Mabura Hill Road,Transport,Under construction,Works progressed with completion targeted by end-2026,S2
Mabura Hill-Kurupukari Road,Transport,Pre-construction,First 30 km scheduled to commence in H2 2026,S2
Palmyra-Moleson Creek highway,Transport,Under construction,Works progressed in H1 2026,S2
CJIA new terminal,Aviation,Pre-construction,Preparatory works advanced and construction scheduled to start in H2 2026,S2
Gas-to-Energy Phase I,Energy,Commissioning preparation,First turbine targeted for December 2026 and combined cycle for H1 2027,S2|S5
Gas-to-Energy Phase II,Energy,Procurement,Bids received and under evaluation at mid-year,S2
Amaila Falls Hydropower,Energy,Procurement,Bids under evaluation as of 23 September 2026,S6
Linden 15 MW solar farm,Energy,Under construction,Construction progressed in H1 2026,S2
Ten solar mini-grids,Energy,Under construction,Installations advanced with completion targeted by year-end,S2
Coastal sea-defence programme,Resilience,Active programme,G$6.1 billion spent in H1 2026,S2
Mangrove programme,Resilience,Active programme,Coverage increased by 324 hectares to 21,377 hectares,S2
Regional hospitals,Health,Under construction,Works advanced at Moruca West Demerara Bartica Kato and Lethem,S2
Telemedicine network,Health,Operational expansion,131 sites operating with 50 commissioned in H1 2026,S2
National eID,Digital,Operational rollout,20,031 cards issued in H1 2026,S2
