scenario,trigger,first_24_hours,first_30_days,financial_test,institutional_test,public_evidence
"oil_price_drop_40pct","benchmark price falls 40% and persists","update cash forecast; freeze use of upside assumptions","rerun NRF/budget/debt scenarios; sequence nonessential commitments","withdrawal rule; debt service; liquidity; recurrent spending","finance-central bank coordination","revised medium-term fiscal table and assumptions"
"two_year_project_delay","approved project startup delayed two years","separate observed from forecast production immediately","update supplier/labour/revenue/infrastructure assumptions","lost/delayed revenue; committed public spending; debt","project-monitoring and public forecast revision","dated project status and revised fiscal forecast"
"major_cost_audit_dispute","material audit exception remains unresolved","preserve records and cost-bank treatment","activate dispute protocol and legal/fiscal coordination","cash effect only after accounting resolution","audit deadline and dispute governance","exception, response, disputed/agreed/final adjustment categories"
"major_offshore_spill","Tier 3 or nationally significant release","incident command; source control; notification; fisheries/health protection","claims, independent investigation, monitoring and remediation plan","insurance; guarantee; emergency liquidity; recovery timing","multi-agency command and cross-border support","incident facts, response actions, monitoring, claims status"
"operator_or_guarantor_distress","material credit/solvency deterioration","review permits, guarantees, insurance and critical operations","secure obligations; assess assignment/restructuring options","available liquid security vs estimated obligations","legal, regulator, central bank/finance coordination","authoritative status without speculative solvency claims"
"public_investment_overheating","construction inflation, delays and contractor concentration rise together","pause new commitments requiring same scarce capacity","reprioritize portfolio and publish revised delivery schedule","cost escalation; debt; maintenance; fiscal space","central investment appraisal and procurement capacity","portfolio execution and variation metrics"
"household_cost_pressure","food/housing/transport prices rise faster than median incomes","accelerate current distribution data","target temporary measures using evidence; avoid permanent unfunded response","cost and duration of relief","statistics-social protection-finance coordination","price and household distribution evidence"
"territorial_or_maritime_incident","offshore activity affected by international dispute/security event","protect personnel; follow legal/diplomatic/security protocols","update operational, insurance and schedule risks","delay/force-majeure/insurance exposure","foreign affairs, maritime security, regulator, operator coordination","official facts and court/diplomatic status; no speculative merits prediction"
"cyber_disruption","critical petroleum/revenue data system compromised","isolate systems; activate offline controls; preserve evidence","restore from verified backups and reconcile transactions","payment/control exposure","business continuity and credential recovery","incident summary consistent with security constraints"
