mechanism,country_or_case,resource_stage,mechanism_purpose,core_design_feature,main_prerequisite,main_failure_mode,transferability_note,source_ids
budget_integration,Norway,mature_petroleum,"Convert petroleum cash flows into diversified financial assets while integrating withdrawals with fiscal framework","Net state petroleum cash to GPFG with fiscal guideline linked to expected real return","Deep institutions; mature tax system; large liquid fund","Using mature-state spending rule without comparable buffers or institutions","Transfer the integration principle, not a headline percentage",S25;S74
stabilization_heritage,Ghana,petroleum_producer,"Separate near-term stabilization from intergenerational saving","Petroleum Holding Fund architecture with Stabilisation and Heritage Funds","Reliable petroleum revenue reporting and parliamentary rules","Rules weakened by repeated exceptions or weak integration with budget","Useful mechanism comparison for separate objectives",S24;S75;S76
depletion_budget_dependence,Timor-Leste,mature_depletion_sensitive,"Manage finite petroleum wealth in a small economy","Petroleum Fund with public reporting and portfolio structure","Long-run fiscal planning and discipline on withdrawals","Professionally managed fund can coexist with unsustainable budget dependence","Strong small-state warning on withdrawal path",S26;S77;S78
pre_first_oil,Suriname,development_preproduction,"Use pre-production window to prepare institutions and infrastructure","Staatsolie role and GranMorgu development before first oil","Institutional capability before cash arrives","Assuming planned startup/revenue is already observed","Regional comparison for readiness, not operating outcomes",S27;S79
mature_caribbean,Trinidad_and_Tobago,mature_oil_gas,"Manage resource cycles and heritage/stabilization objectives","Heritage and Stabilisation Fund plus mature energy institutions","Long industrial and gas-sector history","Copying downstream industrial model without market/feedstock scale","Mechanism comparison, not automatic development pathway",S80
recent_first_oil,Senegal,recent_oil_gas_producer,"Combine new production, state participation, transparency and local content","PETROSEN participation plus revenue law and EITI disclosure","SOE financing transparency and project-level reconciliation","Opaque state-participation debt or production-share flows","Useful for state equity and first-oil transparency",S113;S114
first_gas_crossborder,Mauritania,recent_gas_producer,"Build hydrocarbon tax and fund capability around cross-border LNG","Hydrocarbon revenue administration plus EITI/public fund oversight","Transfer-pricing/LNG expertise and cross-border governance","Oil-style revenue controls may miss LNG chain complexity","Useful for gas and shared-field states",S115;S116
long_pre_first_oil,Uganda,pre_first_oil,"Use long preparation window for law, regulator, fund, local content and environment","Petroleum Authority, Petroleum Fund, EITI and project preparation","Institutional continuity over long lead time","Preparation documents do not guarantee operating performance","Shows what can be built when first oil is delayed",S117;S118
new_swf,Mozambique,gas_revenue_scaleup,"Combine development spending, stabilization and saving","Law 1/2024 transfer formula and international investment architecture","Budget integration, central-bank operations, parliamentary reporting","Complex rules can fail if implementation/reporting lag","Current statutory design comparator",S119;S120
structural_balance,Chile,mature_mining,"Smooth commodity-cycle revenue through structural fiscal rule","Cyclically adjusted revenues, stabilization fund and debt anchor","Credible estimation and medium-term fiscal institutions","Rule can be weakened by persistent deficits or depleted buffers","Transfer smoothing principle, not copper formula",S121
buffer_management,Botswana,mature_diamonds,"Preserve mineral wealth and external buffers","Pula Fund / reserve management","Persistent fiscal savings and external reserves","Buffers can erode over long periods of deficits/resource weakness","Useful post-boom and depletion warning",S122;S123
