barrels_illustrative,price_usd_per_barrel,gross_sales_usd,royalty_fraction,recovery_cap_fraction,requested_cost_fraction,actual_cost_recovered_usd,profit_pool_usd,government_profit_oil_usd,government_royalty_usd,government_total_usd,government_share_of_gross,contractor_cost_recovered_usd,contractor_profit_after_royalty_usd,volume_factor,scenario
7000000,40,280000000,0.02,0.75,0.5,140000000,140000000,70000000,5600000,75600000,0.27,140000000,64400000,0.7,combined_volume_70_price_40_cost_50
7000000,40,280000000,0.02,0.75,0.75,210000000,70000000,35000000,5600000,40600000,0.145,210000000,29400000,0.7,combined_volume_70_price_40_cost_75
7000000,60,420000000,0.02,0.75,0.5,210000000,210000000,105000000,8400000,113400000,0.27,210000000,96600000,0.7,combined_volume_70_price_60_cost_50
7000000,60,420000000,0.02,0.75,0.75,315000000,105000000,52500000,8400000,60900000,0.145,315000000,44100000,0.7,combined_volume_70_price_60_cost_75
7000000,80,560000000,0.02,0.75,0.5,280000000,280000000,140000000,11200000,151200000,0.27,280000000,128800000,0.7,combined_volume_70_price_80_cost_50
7000000,80,560000000,0.02,0.75,0.75,420000000,140000000,70000000,11200000,81200000,0.145,420000000,58800000,0.7,combined_volume_70_price_80_cost_75
8500000,40,340000000,0.02,0.75,0.5,170000000,170000000,85000000,6800000,91800000,0.27,170000000,78200000,0.85,combined_volume_85_price_40_cost_50
8500000,40,340000000,0.02,0.75,0.75,255000000,85000000,42500000,6800000,49300000,0.145,255000000,35700000,0.85,combined_volume_85_price_40_cost_75
8500000,60,510000000,0.02,0.75,0.5,255000000,255000000,127500000,10200000,137700000,0.27,255000000,117300000,0.85,combined_volume_85_price_60_cost_50
8500000,60,510000000,0.02,0.75,0.75,382500000,127500000,63750000,10200000,73950000,0.145,382500000,53550000,0.85,combined_volume_85_price_60_cost_75
8500000,80,680000000,0.02,0.75,0.5,340000000,340000000,170000000,13600000,183600000,0.27,340000000,156400000,0.85,combined_volume_85_price_80_cost_50
8500000,80,680000000,0.02,0.75,0.75,510000000,170000000,85000000,13600000,98600000,0.145,510000000,71400000,0.85,combined_volume_85_price_80_cost_75
10000000,40,400000000,0.02,0.75,0.5,200000000,200000000,100000000,8000000,108000000,0.27,200000000,92000000,1,combined_volume_100_price_40_cost_50
10000000,40,400000000,0.02,0.75,0.75,300000000,100000000,50000000,8000000,58000000,0.145,300000000,42000000,1,combined_volume_100_price_40_cost_75
10000000,60,600000000,0.02,0.75,0.5,300000000,300000000,150000000,12000000,162000000,0.27,300000000,138000000,1,combined_volume_100_price_60_cost_50
10000000,60,600000000,0.02,0.75,0.75,450000000,150000000,75000000,12000000,87000000,0.145,450000000,63000000,1,combined_volume_100_price_60_cost_75
10000000,80,800000000,0.02,0.75,0.5,400000000,400000000,200000000,16000000,216000000,0.27,400000000,184000000,1,combined_volume_100_price_80_cost_50
10000000,80,800000000,0.02,0.75,0.75,600000000,200000000,100000000,16000000,116000000,0.145,600000000,84000000,1,combined_volume_100_price_80_cost_75
