year_index,opening_usd,deposits_usd,return_rate,investment_return_usd,withdrawals_usd,closing_usd,scenario
1,4000000000.0,4000000000.0,0.04,160000000.0,2000000000.0,6160000000.0,illustrative_baseline
2,6160000000.0,4200000000.0,0.04,246400000.0,2200000000.0,8406400000.0,illustrative_baseline
3,8406400000.0,4400000000.0,0.04,336256000.0,2400000000.0,10742656000.0,illustrative_baseline
4,10742656000.0,4500000000.0,0.04,429706240.0,2500000000.0,13172362240.0,illustrative_baseline
5,13172362240.0,4500000000.0,0.04,526894489.6,2500000000.0,15699256729.599998,illustrative_baseline
1,4000000000.0,2400000000.0,0.03,120000000.0,2000000000.0,4520000000.0,low_price_and_lower_deposits
2,4520000000.0,2100000000.0,0.03,135600000.0,2000000000.0,4755600000.0,low_price_and_lower_deposits
3,4755600000.0,2200000000.0,0.03,142668000.0,2000000000.0,5098268000.0,low_price_and_lower_deposits
4,5098268000.0,2500000000.0,0.03,152948040.0,2000000000.0,5751216040.0,low_price_and_lower_deposits
5,5751216040.0,2800000000.0,0.03,172536481.2,2000000000.0,6723752521.200001,low_price_and_lower_deposits
1,4000000000.0,4000000000.0,0.04,160000000.0,3000000000.0,5160000000.0,higher_spending
2,5160000000.0,4200000000.0,0.04,206400000.0,3300000000.0,6266400000.0,higher_spending
3,6266400000.0,4400000000.0,0.04,250656000.0,3500000000.0,7417056000.0,higher_spending
4,7417056000.0,4500000000.0,0.04,296682240.0,3700000000.0,8513738240.0,higher_spending
5,8513738240.0,4500000000.0,0.04,340549529.6,3900000000.0,9454287769.6,higher_spending
1,4000000000.0,4000000000.0,-0.1,-400000000.0,2000000000.0,5600000000.0,market_loss_then_recovery
2,5600000000.0,4000000000.0,0.02,112000000.0,2000000000.0,7712000000.0,market_loss_then_recovery
3,7712000000.0,4000000000.0,0.06,462720000.0,2000000000.0,10174720000.0,market_loss_then_recovery
4,10174720000.0,4000000000.0,0.05,508736000.0,2000000000.0,12683456000.0,market_loss_then_recovery
5,12683456000.0,4000000000.0,0.04,507338240.0,2000000000.0,15190794240.0,market_loss_then_recovery
