barrels_illustrative,price_usd_per_barrel,gross_sales_usd,royalty_fraction,recovery_cap_fraction,requested_cost_fraction,actual_cost_recovered_usd,profit_pool_usd,government_profit_oil_usd,government_royalty_usd,government_total_usd,government_share_of_gross,contractor_cost_recovered_usd,contractor_profit_after_royalty_usd,scenario
10000000,40,400000000,0.02,0.75,0.2,80000000,320000000,160000000,8000000,168000000,0.42,80000000,152000000,illustrative_stabroek_price_40_cost_20
10000000,40,400000000,0.02,0.75,0.5,200000000,200000000,100000000,8000000,108000000,0.27,200000000,92000000,illustrative_stabroek_price_40_cost_50
10000000,40,400000000,0.02,0.75,0.65,260000000,140000000,70000000,8000000,78000000,0.195,260000000,62000000,illustrative_stabroek_price_40_cost_65
10000000,40,400000000,0.02,0.75,0.75,300000000,100000000,50000000,8000000,58000000,0.145,300000000,42000000,illustrative_stabroek_price_40_cost_75
10000000,60,600000000,0.02,0.75,0.2,120000000,480000000,240000000,12000000,252000000,0.42,120000000,228000000,illustrative_stabroek_price_60_cost_20
10000000,60,600000000,0.02,0.75,0.5,300000000,300000000,150000000,12000000,162000000,0.27,300000000,138000000,illustrative_stabroek_price_60_cost_50
10000000,60,600000000,0.02,0.75,0.65,390000000,210000000,105000000,12000000,117000000,0.195,390000000,93000000,illustrative_stabroek_price_60_cost_65
10000000,60,600000000,0.02,0.75,0.75,450000000,150000000,75000000,12000000,87000000,0.145,450000000,63000000,illustrative_stabroek_price_60_cost_75
10000000,80,800000000,0.02,0.75,0.2,160000000,640000000,320000000,16000000,336000000,0.42,160000000,304000000,illustrative_stabroek_price_80_cost_20
10000000,80,800000000,0.02,0.75,0.5,400000000,400000000,200000000,16000000,216000000,0.27,400000000,184000000,illustrative_stabroek_price_80_cost_50
10000000,80,800000000,0.02,0.75,0.65,520000000,280000000,140000000,16000000,156000000,0.195,520000000,124000000,illustrative_stabroek_price_80_cost_65
10000000,80,800000000,0.02,0.75,0.75,600000000,200000000,100000000,16000000,116000000,0.145,600000000,84000000,illustrative_stabroek_price_80_cost_75
10000000,100,1000000000,0.02,0.75,0.2,200000000,800000000,400000000,20000000,420000000,0.42,200000000,380000000,illustrative_stabroek_price_100_cost_20
10000000,100,1000000000,0.02,0.75,0.5,500000000,500000000,250000000,20000000,270000000,0.27,500000000,230000000,illustrative_stabroek_price_100_cost_50
10000000,100,1000000000,0.02,0.75,0.65,650000000,350000000,175000000,20000000,195000000,0.195,650000000,155000000,illustrative_stabroek_price_100_cost_65
10000000,100,1000000000,0.02,0.75,0.75,750000000,250000000,125000000,20000000,145000000,0.145,750000000,105000000,illustrative_stabroek_price_100_cost_75
