metric_group,metric,definition,unit,required_source,evidence_status,interpretation_rule
procurement,gross_contract_value,"Total invoiced/contracted value attributed to Guyana-registered supplier",USD,"Local Content Secretariat/operator audited reporting",framework,"Not equal to domestic value added."
procurement,imported_inputs,"Imported goods/services embedded in local supplier contract",USD,"Customs/supplier cost records",framework,"Subtract from gross value when estimating retained domestic value."
labour,guyanese_wages,"Wages and salaries paid to Guyanese workers on covered activity",USD,"Payroll and statutory records",framework,"Separate from expatriate compensation."
ownership,locally_retained_profit,"Profit attributable to verified Guyanese beneficial ownership",USD,"Audited accounts/beneficial-ownership records",framework,"Requires economic ownership verification, not registration only."
tax,domestic_taxes,"Domestic taxes and statutory contributions generated by local-content activity",USD,"GRA/statutory records",framework,"Report separately from petroleum royalty/profit oil."
training,verified_training_investment,"Training expenditure tied to a defined occupational competency",USD,"Approved plan/training evidence",framework,"Attendance alone is not capability."
skills,competency_completion,"Workers independently certified or signed off for defined roles",count,"Employer/regulator/training records",framework,"Stronger than training participant count."
supplier,certified_local_suppliers,"Suppliers obtaining relevant international/industry certification",count,"Certification and supplier records",framework,"Track survival and export capability after initial contract."
supplier,exporting_local_suppliers,"Local suppliers earning revenue from non-Guyana clients",count/USD,"Supplier survey/audited accounts",framework,"Evidence of capability beyond protected domestic demand."
value_added,retained_domestic_value,"Gross local procurement minus imported inputs and foreign-retained margins plus Guyanese wages/local profit/taxes according to defined accounting boundary",USD and %,"Reconciled supplier/value-added model",framework,"Core Edition 2 metric. Do not report until accounting boundary is disclosed."
household,real_household_consumption,"Inflation-adjusted household consumption/expenditure by region and income group",index/currency,"Current representative household survey",data_gap,"2018/19 baseline cannot be presented as current 2026 outcome."
regional,service_access,"Access to electricity, water, internet, health, education and transport by region",%/time,"Statistics/administrative datasets",framework,"National averages can conceal regional divergence."
community,community_allocation_to_outcome,"Allocation, receipt, procurement, asset/service and maintenance chain for community programmes",USD/status,"Programme plus village-level evidence",framework,"Allocation alone is not delivered outcome."
