date,event_type,event,source_ids,evidence_class,notes
1982-01-01,institutional,"World Bank-supported Petroleum Exploration Promotion Project period begins; Petroleum Unit/capacity and exploration promotion work",S107,multilateral historical,"Use project documents for exact effectiveness/disbursement dates when final chronology is locked."
1996-01-01,legal,"Environmental Protection Act framework predates commercial offshore discovery",S39,primary law,"Year-level chronology; exact assent/commencement should control in legal annex."
2015-05-01,discovery,"Liza discovery announced",S01;S36,operator plus official well record,"Use exact announcement/well dates in detailed chapter."
2016-06-27,contract,"Stabroek petroleum agreement executed",S02;S03,executed agreement and official register,"Official block register separately records effective date."
2016-10-07,contract,"Official block register effective date for 2016 Stabroek agreement",S03,official register,"Keep signature and effective date distinct."
2019-01-23,fund_law,"First Natural Resource Fund law receives assent before first oil",S04;S37,primary law/official report,"Later replaced by 2021 framework."
2019-12-20,production,"Liza Phase 1 first oil",S01;S81,operator/regulator,"Observed production milestone."
2021-12-30,fund_law,"2021 NRF framework replaces earlier framework",S04,official report,"Use statute for clause-level legal analysis."
2022-02-11,production,"Liza Phase 2 first oil",S82,operator,"Observed startup date."
2023-01-01,legal,"Petroleum Activities Act 17 of 2023 establishes newer statutory petroleum framework",S87,primary law,"Exact assent/commencement pinpoints remain in legal crosswalk."
2023-11-14,production,"Payara / Prosperity first oil",S83,government,"Observed startup."
2024-01-01,fund_law,"2024 fiscal enactments modify NRF withdrawal architecture",S04;S05,primary/official,"Exact statutory date to be pinned in legal annex."
2025-05-28,legal,"Oil Pollution Act 6 of 2025 published in Official Gazette",S53;S54;S98,primary Gazette,"Gazetting does not prove commencement of every provision."
2025-08-08,production,"Yellowtail / ONE GUYANA first production",S84,operator,"Observed startup."
2025-09-22,development,"Hammerhead FDP/PPL approval and FID announced",S127;S128,government and operator,"Future 2029 startup is a forecast."
2025-11-12,production,"Stabroek daily output milestone of 900,000 bpd reported",S85,operator,"Point-in-time daily milestone."
2026-05-07,judicial,"Court of Appeal result on environmental financial-assurance litigation",S20;S101;S105,attributed official/secondary,"Full authenticated reasons remain an open evidence item."
2026-05-15,transparency,"Guyana EITI 2026 Validation begins",S16;S89,EITI,"Still ongoing at 27 September 2026 cutoff."
2026-08-21,development,"Errea Wittu arrives for Uaru commissioning",S124;S125,government and contractor,"No first-oil confirmation located by evidence cutoff."
2026-09-27,cutoff,"Edition 2.0 evidence cutoff",,research_control,"All future events must be labelled forecast or post-cutoff update."
