gate,control_area,minimum_evidence,accountable_institution,independent_challenge,pass_condition,failure_response
"pre-licence","legal authority","statute/regulation identifies licensing authority and procedure","petroleum ministry/regulator","public-law review","authority/version documented","do not award acreage"
"pre-licence","geodata","national data inventory, metadata, confidentiality and submission rules","geological/petroleum data authority","independent geoscience QA","data package reproducible","repair data governance before award"
"pre-licence","beneficial ownership","verified ultimate ownership and control of bidder","company/licensing authority","AML/ownership screening","ownership verified","exclude or remediate unresolved ownership"
"commercial discovery","resource estimate","operator estimate plus independent government resource/development review","petroleum regulator","independent reservoir engineer","uncertainty range accepted/documented","do not accept development assumptions as state baseline"
"commercial discovery","fiscal model","contract model with price/cost/production stress cases","finance/petroleum fiscal unit","independent fiscal specialist","assumptions and clause lineage documented","rebuild model before material fiscal commitments"
"commercial discovery","environment baseline","marine/coastal baseline gap register and monitoring plan","environmental authority","independent environmental science review","critical baseline gaps funded and scheduled","delay irreversible approval where evidence is material"
"development approval","field development","reservoir, wells, FPSO, schedule, cost and decommissioning plan","petroleum regulator","independent engineering review","state technical memorandum completed","approval conditional or withheld"
"development approval","environmental authorization","EIA, permit, cumulative effects and mitigation","environmental authority","independent technical panel where required","permit conditions auditable","approval conditional or withheld"
"development approval","financial assurance","insurance, guarantee and credible-cost basis","environmental authority / attorney general","independent insurance/legal review","operative instruments reviewed and current","do not start high-risk operations"
"development approval","local content","annual/master plan with procurement, employment and capacity targets","local content secretariat","data and ownership verification","reporting fields and ownership checks ready","conditional approval/remediation"
"first oil","metering","commissioned/calibrated custody-transfer measurement and failure procedure","petroleum regulator","independent metering verification","test transaction passes","do not certify revenue system"
"first oil","cargo accounting","nomination, entitlement, valuation, invoice and settlement protocol","petroleum/finance","independent transaction walkthrough","synthetic cargo reconciles end to end","remediate before first government lift"
"first oil","cost recovery","opening cost bank, reporting template, audit calendar and data access","petroleum fiscal unit/GRA","independent petroleum accountant","monthly cost statement can be reproduced","activate remediation/adviser support"
"first oil","sovereign revenue custody","bank account, authority, reconciliation and publication protocol","central bank/finance ministry","external auditor","mock deposit and reconciliation pass","do not rely on manual workaround"
"first oil","spill response","incident command, equipment, deployment time, cross-border and public communication drill","environmental/disaster authority","independent drill evaluator","critical drill objectives passed","correct gaps before startup where material"
"first withdrawal","legal authority","statutory ceiling, parliamentary approval and transfer documentation","finance ministry/parliament","auditor/general counsel","withdrawal authority documented","do not transfer"
"first withdrawal","public investment","project appraisal, procurement, lifecycle cost and maintenance plan","finance/line ministry","independent appraisal/audit","project meets published gate","defer/re-design project"
"years 1-5","macro-fiscal","non-oil balance, withdrawal ratio, inflation/absorption indicators","finance ministry/central bank","IMF/independent macro review where appropriate","stress cases within adopted policy limits","sequence spending/revise medium-term plan"
"years 1-5","household outcomes","current household/labour/regional indicators","statistics office","methodology review","data current enough for stated claims","publish limitation and accelerate survey"
"years 1-5","corrections","public correction/version register across resource datasets","all data owners","auditor/open-data review","material revisions traceable","do not silently overwrite history"
