process,responsible,accountable,consulted,informed,key_record
"acreage licensing","petroleum regulator/licensing unit","minister/statutory licensing authority","geological authority; finance; environment; attorney general","public after lawful award","licence decision file"
"petroleum agreement negotiation","government negotiating team","authorized minister/government authority","attorney general; finance; tax; technical advisers","parliament/public as law requires","negotiation memorandum and executed agreement"
"development plan review","petroleum technical unit","petroleum regulator/minister under governing law","finance; environment; independent engineering advisers","relevant ministries/public after approval","field development review memorandum"
"environmental permit","EPA/environment regulator","statutory environmental authority","petroleum regulator; fisheries; disaster response; communities","public through permit/EIA process","permit and reasons file"
"production metering","operator with regulator oversight","petroleum regulator","standards/metrology; fiscal unit","finance/statistics","meter calibration and exception log"
"cost recovery reporting","operator finance","petroleum fiscal authority under agreement","GRA; external petroleum auditors","finance ministry","monthly cost statement and cost bank"
"petroleum cost audit","government audit team/external specialist","authorized petroleum/GRA authority","attorney general; technical units","oversight bodies according to law","audit finding and resolution register"
"government cargo sale","authorized marketing/finance function","designated government authority","petroleum regulator; central bank; legal","oversight/reporting institutions","bid, award, cargo and settlement ledger"
"NRF custody","central bank operational team","central bank/finance roles under NRF law","external auditor; investment committee","parliament/public","fund financial statements"
"NRF withdrawal","finance ministry","statutory/parliamentary authority","central bank; budget office","public","withdrawal notification and Consolidated Fund receipt"
"public investment appraisal","line ministry/central appraisal unit","finance/budget authority","sector experts; procurement; environment","parliament/public budget process","appraisal and lifecycle-cost file"
"local content monitoring","Local Content Secretariat","minister/statutory authority","companies; tax/company registry; training institutions","public through reporting","annual/half-year report and supplier registry"
"spill response","incident command organization","designated national authority","operator; coast guard; health; fisheries; neighbouring states","public according to incident protocol","incident log and after-action review"
"resource statistics","statistics/regulator data team","institutional data owner","central bank; finance; operators","public","versioned dataset and methodology"
