topic,2016_stabroek_reference,2016_effect_or_control,later_model_or_law_reference,edition_2_audit_rule,source_ids
"cost recovery","Article 11; Annex C","Contractor bears contract costs and recovers permitted costs from Cost Oil subject to monthly ceiling and carry-forward mechanics","2023 model PSA cost-recovery provisions","Model each accounting period and preserve unrecovered cost bank. Do not reduce the regime to one headline percentage.",S02;S15;S112
"profit oil","Article 11.2-11.4","Residual petroleum after cost recovery is shared under executed agreement mechanics","2023 model PSA","Separate cost ceiling from profit split and royalty.",S02;S15;S112
"crude/gas valuation","Article 13","Establishes valuation mechanism for petroleum used in fiscal calculations","2023 model PSA valuation provisions","Audit price, quality, timing, related-party sale and benchmark/differential separately.",S02;S112
"royalty","Article 15.6","2% royalty on value of petroleum produced and sold under Stabroek; GRA states royalty is not Cost Oil","2023 model fiscal terms include higher royalty for later licensing","Never apply later model royalty retroactively.",S02;S14;S15
"taxation/pay on behalf","Article 15, including 15.4","Contract contains specific tax treatment and government pay-on-behalf mechanism","2023 model includes later tax structure","Separate statutory tax, contract tax treatment, NRF cash and accounting certificate mechanics.",S02;S112
"contracts and assignments","Articles 16 and 25","Governs contracting/assignment controls","Petroleum Activities Act 2023 and later model PSA","Track legal version and approval process at date of transfer.",S02;S87;S112
"domestic supply","Article 17","Domestic supply obligation architecture","Later model PSA","Treat as contingent operational/fiscal mechanism, not ordinary government entitlement.",S02;S112
"Guyana resources/local participation","Articles 18-19","Guyana resources, employment and training obligations","Local Content Act 2021 and later model PSA","Separate legacy contract duties from later statutory local-content obligations.",S02;S57;S108;S112
"assets and insurance","Article 20","Rights to assets and insurance architecture","Later permits and 2023 model PSA financial-guarantee/insurance provisions","Permit-level financial assurance and executed instruments must be reviewed separately.",S02;S99;S112
"accounting and audit","Article 23; Annex C","Accounting records, statements and government audit/inspection rights","Later model PSA; GRA/IHS/VHE audit practice","An audit right is time-limited operational capacity. Track finding, response, dispute, adjustment and cash recovery separately.",S02;S42;S71;S111;S112
"force majeure","Article 24","Contractual force-majeure architecture","Later model PSA","Stress-test effects on work obligations, development schedule and fiscal timing.",S02;S112
"arbitration","Article 26","Dispute-resolution architecture","Later model PSA","Do not describe disputed audit exception as final liability before contractual resolution.",S02;S112
"applicable law","Article 27","Defines legal framework applicable to agreement","Petroleum Activities Act 2023 and other later statutes","Analyse transitional/legal interaction, not automatic retroactive displacement.",S02;S87
"environment/social responsibility","Article 28","Contract-level social responsibility/environment obligations","Environmental Protection Act, project permits, Oil Pollution Act 2025","Contract obligation does not substitute for statutory/project-level environmental compliance.",S02;S39;S98;S99
"termination/cancellation","Article 29","Termination/cancellation rights","Petroleum Activities Act 2023; later model PSA","Map triggers, cure periods and consequences before describing enforceability.",S02;S87;S112
"stability","Article 32, especially 32.2-32.4","Addresses economic burden/change-in-law and remedial process including possible arbitration","Later model PSA stabilization provisions","Quote narrowly. Do not summarize as a universal freeze of all law.",S02;S112
"signature bonus","Article 33","Contract signature-bonus provision","Later licensing terms","Treat bonus as separate fiscal flow from royalty/profit oil.",S02;S112
"cost classification","Annex C Section 2","Classifies exploration, development, operating, service, G&A and overhead costs","Later model accounting procedure","Project audit must trace allocation and avoid duplication.",S02;S111;S112
"costs recoverable without further approval","Annex C Section 3.1","Specified cost categories may be recoverable under the accounting procedure","Later model PSA","Eligibility is not proof of amount or correct allocation.",S02;S111
"costs requiring approval/other costs","Annex C Sections 3.2 and 3.4","Other categories depend on approval under the accounting procedure","Later model PSA","Preserve approval evidence in audit file.",S02;S15
"non-recoverable costs","Annex C Section 3.3","Identifies categories not recoverable under agreement","Later model PSA","Audit should test explicit exclusions before debating discretionary items.",S02
"field statements/block aggregation","Annex C Section 8.2","Field cost-recovery statements feed contractor total allocation under agreement accounting procedure","Later policy debate on ring-fencing","Use executed text and model economics. Avoid using 'ring-fencing' as a slogan without defining accounting effect.",S02
